"field_identifier","title","field_title","field_filepath","field_image_dirname","field_rights","field_abstract","field_contributor","field_publisher","field_weight"
"LAJ_001","第1図: カガミ（鏡）の-G-の音","第1図: カガミ（鏡）の-G-の音","LAJ_001.tif","laj_map","public domain","『日本言語地図』第1集 / 1966年刊（縮刷版1981年刊）","国立国語研究所","大蔵省印刷局",1
"LAJ_002","第2図: カゲ（蔭）の-G-の音","第2図: カゲ（蔭）の-G-の音","LAJ_002.tif","laj_map","public domain","『日本言語地図』第1集 / 1966年刊（縮刷版1981年刊）","国立国語研究所","大蔵省印刷局",2
"LAJ_003","第3図: カジ（火事）のKA-の音","第3図: カジ（火事）のKA-の音","LAJ_003.tif","laj_map","public domain","『日本言語地図』第1集 / 1966年刊（縮刷版1981年刊）","国立国語研究所","大蔵省印刷局",3
"LAJ_004","第4図: スイカ（西瓜）の-KAの音","第4図: スイカ（西瓜）の-KAの音","LAJ_004.tif","laj_map","public domain","『日本言語地図』第1集 / 1966年刊（縮刷版1981年刊）","国立国語研究所","大蔵省印刷局",4
"LAJ_005","第5図: ガンジツ（元日）のGA-の音","第5図: ガンジツ（元日）のGA-の音","LAJ_005.tif","laj_map","public domain","『日本言語地図』第1集 / 1966年刊（縮刷版1981年刊）","国立国語研究所","大蔵省印刷局",5
"LAJ_006","第6図: ショオガツ（正月）の-GA-の音","第6図: ショオガツ（正月）の-GA-の音","LAJ_006.tif","laj_map","public domain","『日本言語地図』第1集 / 1966年刊（縮刷版1981年刊）","国立国語研究所","大蔵省印刷局",6
"LAJ_007","第7図: セナカ（背中）のSE-の音","第7図: セナカ（背中）のSE-の音","LAJ_007.tif","laj_map","public domain","『日本言語地図』第1集 / 1966年刊（縮刷版1981年刊）","国立国語研究所","大蔵省印刷局",7
"LAJ_008","第8図: アセ（汗）の-SEの音","第8図: アセ（汗）の-SEの音","LAJ_008.tif","laj_map","public domain","『日本言語地図』第1集 / 1966年刊（縮刷版1981年刊）","国立国語研究所","大蔵省印刷局",8
"LAJ_009","第9図: ゼイキン（税金）のZEI-の音","第9図: ゼイキン（税金）のZEI-の音","LAJ_009.tif","laj_map","public domain","『日本言語地図』第1集 / 1966年刊（縮刷版1981年刊）","国立国語研究所","大蔵省印刷局",9
"LAJ_010","第10図: カゼ（風）の-ZEの音","第10図: カゼ（風）の-ZEの音","LAJ_010.tif","laj_map","public domain","『日本言語地図』第1集 / 1966年刊（縮刷版1981年刊）","国立国語研究所","大蔵省印刷局",10
"LAJ_011","第11図: ヒガシ（東）のHI-の音","第11図: ヒガシ（東）のHI-の音","LAJ_011.tif","laj_map","public domain","『日本言語地図』第1集 / 1966年刊（縮刷版1981年刊）","国立国語研究所","大蔵省印刷局",11
"LAJ_012","第12図: ヒゲ（鬚）のHI-の音","第12図: ヒゲ（鬚）のHI-の音","LAJ_012.tif","laj_map","public domain","『日本言語地図』第1集 / 1966年刊（縮刷版1981年刊）","国立国語研究所","大蔵省印刷局",12
"LAJ_013","第13図: ヒガシ（東）の-SIの音","第13図: ヒガシ（東）の-SIの音","LAJ_013.tif","laj_map","public domain","『日本言語地図』第1集 / 1966年刊（縮刷版1981年刊）","国立国語研究所","大蔵省印刷局",13
"LAJ_014","第14図: シチガツ（七月）のSI-の音","第14図: シチガツ（七月）のSI-の音","LAJ_014.tif","laj_map","public domain","『日本言語地図』第1集 / 1966年刊（縮刷版1981年刊）","国立国語研究所","大蔵省印刷局",14
"LAJ_015","第15図: カジ（火事）の-ZIの音","第15図: カジ（火事）の-ZIの音","LAJ_015.tif","laj_map","public domain","『日本言語地図』第1集 / 1966年刊（縮刷版1981年刊）","国立国語研究所","大蔵省印刷局",15
"LAJ_016","第16図: シチガツ（七月）の-TI-の音","第16図: シチガツ（七月）の-TI-の音","LAJ_016.tif","laj_map","public domain","『日本言語地図』第1集 / 1966年刊（縮刷版1981年刊）","国立国語研究所","大蔵省印刷局",16
"LAJ_017","第17図: おおきい（大きい）","第17図: おおきい（大きい）","LAJ_017.tif","laj_map","public domain","『日本言語地図』第1集 / 1966年刊（縮刷版1981年刊）","国立国語研究所","大蔵省印刷局",17
"LAJ_018","第18図: おおきい（大きい）―オオキイ類の詳細図","第18図: おおきい（大きい）―オオキイ類の詳細図","LAJ_018.tif","laj_map","public domain","『日本言語地図』第1集 / 1966年刊（縮刷版1981年刊）","国立国語研究所","大蔵省印刷局",18
"LAJ_019","第19図: おおきい（大きい）―デカイ・イカイ類の詳細図","第19図: おおきい（大きい）―デカイ・イカイ類の詳細図","LAJ_019.tif","laj_map","public domain","『日本言語地図』第1集 / 1966年刊（縮刷版1981年刊）","国立国語研究所","大蔵省印刷局",19
"LAJ_020","第20図: ふとい（太い）","第20図: ふとい（太い）","LAJ_020.tif","laj_map","public domain","『日本言語地図』第1集 / 1966年刊（縮刷版1981年刊）","国立国語研究所","大蔵省印刷局",20
"LAJ_021","第21図: あらい（粗い）","第21図: あらい（粗い）","LAJ_021.tif","laj_map","public domain","『日本言語地図』第1集 / 1966年刊（縮刷版1981年刊）","国立国語研究所","大蔵省印刷局",21
"LAJ_022","第22図: ちいさい（小さい）","第22図: ちいさい（小さい）","LAJ_022.tif","laj_map","public domain","『日本言語地図』第1集 / 1966年刊（縮刷版1981年刊）","国立国語研究所","大蔵省印刷局",22
"LAJ_023","第23図: ちいさい（小さい）―チイサイ類の詳細図","第23図: ちいさい（小さい）―チイサイ類の詳細図","LAJ_023.tif","laj_map","public domain","『日本言語地図』第1集 / 1966年刊（縮刷版1981年刊）","国立国語研究所","大蔵省印刷局",23
"LAJ_024","第24図: ほそい（細い）","第24図: ほそい（細い）","LAJ_024.tif","laj_map","public domain","『日本言語地図』第1集 / 1966年刊（縮刷版1981年刊）","国立国語研究所","大蔵省印刷局",24
"LAJ_025","第25図: こまかい（細かい）","第25図: こまかい（細かい）","LAJ_025.tif","laj_map","public domain","『日本言語地図』第1集 / 1966年刊（縮刷版1981年刊）","国立国語研究所","大蔵省印刷局",25
"LAJ_026","第26図: しかくい（四角い）","第26図: しかくい（四角い）","LAJ_026.tif","laj_map","public domain","『日本言語地図』第1集 / 1966年刊（縮刷版1981年刊）","国立国語研究所","大蔵省印刷局",26
"LAJ_027","第27図: きいろい（黄色い）","第27図: きいろい（黄色い）","LAJ_027.tif","laj_map","public domain","『日本言語地図』第1集 / 1966年刊（縮刷版1981年刊）","国立国語研究所","大蔵省印刷局",27
"LAJ_028","第28図: あかい（赤い）","第28図: あかい（赤い）","LAJ_028.tif","laj_map","public domain","『日本言語地図』第1集 / 1966年刊（縮刷版1981年刊）","国立国語研究所","大蔵省印刷局",28
"LAJ_029","第29図: アカイを“明かるい”の意味で使うか","第29図: アカイを“明かるい”の意味で使うか","LAJ_029.tif","laj_map","public domain","『日本言語地図』第1集 / 1966年刊（縮刷版1981年刊）","国立国語研究所","大蔵省印刷局",29
"LAJ_030","第30図: まぶしい（眩しい）―前部分","第30図: まぶしい（眩しい）―前部分","LAJ_030.tif","laj_map","public domain","『日本言語地図』第1集 / 1966年刊（縮刷版1981年刊）","国立国語研究所","大蔵省印刷局",30
"LAJ_031","第31図: まぶしい（眩しい）―後部分","第31図: まぶしい（眩しい）―後部分","LAJ_031.tif","laj_map","public domain","『日本言語地図』第1集 / 1966年刊（縮刷版1981年刊）","国立国語研究所","大蔵省印刷局",31
"LAJ_032","第32図: くすぐったい（擽ったい）―前部分","第32図: くすぐったい（擽ったい）―前部分","LAJ_032.tif","laj_map","public domain","『日本言語地図』第1集 / 1966年刊（縮刷版1981年刊）","国立国語研究所","大蔵省印刷局",32
"LAJ_033","第33図: くすぐったい（擽ったい）―後部分","第33図: くすぐったい（擽ったい）―後部分","LAJ_033.tif","laj_map","public domain","『日本言語地図』第1集 / 1966年刊（縮刷版1981年刊）","国立国語研究所","大蔵省印刷局",33
"LAJ_034","第34図: きなくさい（きな臭い）―前部分","第34図: きなくさい（きな臭い）―前部分","LAJ_034.tif","laj_map","public domain","『日本言語地図』第1集 / 1966年刊（縮刷版1981年刊）","国立国語研究所","大蔵省印刷局",34
"LAJ_035","第35図: きなくさい（きな臭い）―後部分","第35図: きなくさい（きな臭い）―後部分","LAJ_035.tif","laj_map","public domain","『日本言語地図』第1集 / 1966年刊（縮刷版1981年刊）","国立国語研究所","大蔵省印刷局",35
"LAJ_036","第36図: こげくさい（焦げ臭い）","第36図: こげくさい（焦げ臭い）","LAJ_036.tif","laj_map","public domain","『日本言語地図』第1集 / 1966年刊（縮刷版1981年刊）","国立国語研究所","大蔵省印刷局",36
"LAJ_037","第37図: あまい（甘い）","第37図: あまい（甘い）","LAJ_037.tif","laj_map","public domain","『日本言語地図』第1集 / 1966年刊（縮刷版1981年刊）","国立国語研究所","大蔵省印刷局",37
"LAJ_038","第38図: 〈塩味が〉うすい","第38図: 〈塩味が〉うすい","LAJ_038.tif","laj_map","public domain","『日本言語地図』第1集 / 1966年刊（縮刷版1981年刊）","国立国語研究所","大蔵省印刷局",38
"LAJ_039","第39図: しおからい（鹹い）","第39図: しおからい（鹹い）","LAJ_039.tif","laj_map","public domain","『日本言語地図』第1集 / 1966年刊（縮刷版1981年刊）","国立国語研究所","大蔵省印刷局",39
"LAJ_040","第40図: からい（辛い）","第40図: からい（辛い）","LAJ_040.tif","laj_map","public domain","『日本言語地図』第1集 / 1966年刊（縮刷版1981年刊）","国立国語研究所","大蔵省印刷局",40
"LAJ_041","第41図: すっぱい（酸っぱい）","第41図: すっぱい（酸っぱい）","LAJ_041.tif","laj_map","public domain","『日本言語地図』第1集 / 1966年刊（縮刷版1981年刊）","国立国語研究所","大蔵省印刷局",41
"LAJ_042","第42図: おそろしい（恐ろしい）","第42図: おそろしい（恐ろしい）","LAJ_042.tif","laj_map","public domain","『日本言語地図』第1集 / 1966年刊（縮刷版1981年刊）","国立国語研究所","大蔵省印刷局",42
"LAJ_043","第43図: コワイを“恐ろしい”の意味で使うか","第43図: コワイを“恐ろしい”の意味で使うか","LAJ_043.tif","laj_map","public domain","『日本言語地図』第1集 / 1966年刊（縮刷版1981年刊）","国立国語研究所","大蔵省印刷局",43
"LAJ_044","第44図: コワイを“疲れた”の意味で使うか","第44図: コワイを“疲れた”の意味で使うか","LAJ_044.tif","laj_map","public domain","『日本言語地図』第1集 / 1966年刊（縮刷版1981年刊）","国立国語研究所","大蔵省印刷局",44
"LAJ_045","第45図: いい〈天気だ〉","第45図: いい〈天気だ〉","LAJ_045.tif","laj_map","public domain","『日本言語地図』第1集 / 1966年刊（縮刷版1981年刊）","国立国語研究所","大蔵省印刷局",45
"LAJ_046","第46図: 〈いい天気〉だ","第46図: 〈いい天気〉だ","LAJ_046.tif","laj_map","public domain","『日本言語地図』第1集 / 1966年刊（縮刷版1981年刊）","国立国語研究所","大蔵省印刷局",46
"LAJ_047","第47図: 〈虹が〉きれいだ","第47図: 〈虹が〉きれいだ","LAJ_047.tif","laj_map","public domain","『日本言語地図』第1集 / 1966年刊（縮刷版1981年刊）","国立国語研究所","大蔵省印刷局",47
"LAJ_048","第48図: きれいに〈掃除する〉","第48図: きれいに〈掃除する〉","LAJ_048.tif","laj_map","public domain","『日本言語地図』第1集 / 1966年刊（縮刷版1981年刊）","国立国語研究所","大蔵省印刷局",48
"LAJ_049","第49図: いくつ（個数）","第49図: いくつ（個数）","LAJ_049.tif","laj_map","public domain","『日本言語地図』第1集 / 1966年刊（縮刷版1981年刊）","国立国語研究所","大蔵省印刷局",49
"LAJ_050","第50図: いくら（値段）","第50図: いくら（値段）","LAJ_050.tif","laj_map","public domain","『日本言語地図』第1集 / 1966年刊（縮刷版1981年刊）","国立国語研究所","大蔵省印刷局",50
"LAJ_051","第51図: すわる（坐る）","第51図: すわる（坐る）","LAJ_051.tif","laj_map","public domain","『日本言語地図』第2集 / 1967年刊（縮刷版1982年刊）","国立国語研究所","大蔵省印刷局",51
"LAJ_052","第52図: あぐら（胡座）をかく","第52図: あぐら（胡座）をかく","LAJ_052.tif","laj_map","public domain","『日本言語地図』第2集 / 1967年刊（縮刷版1982年刊）","国立国語研究所","大蔵省印刷局",52
"LAJ_053","第53図: いる（居る）","第53図: いる（居る）","LAJ_053.tif","laj_map","public domain","『日本言語地図』第2集 / 1967年刊（縮刷版1982年刊）","国立国語研究所","大蔵省印刷局",53
"LAJ_054","第54図: かたあしとび（片足跳び）をする―前部分","第54図: かたあしとび（片足跳び）をする―前部分","LAJ_054.tif","laj_map","public domain","『日本言語地図』第2集 / 1967年刊（縮刷版1982年刊）","国立国語研究所","大蔵省印刷局",54
"LAJ_055","第55図: かたあしとび（片足跳び）をする―後部分","第55図: かたあしとび（片足跳び）をする―後部分","LAJ_055.tif","laj_map","public domain","『日本言語地図』第2集 / 1967年刊（縮刷版1982年刊）","国立国語研究所","大蔵省印刷局",55
"LAJ_056","第56図: つくる（作る）","第56図: つくる（作る）","LAJ_056.tif","laj_map","public domain","『日本言語地図』第2集 / 1967年刊（縮刷版1982年刊）","国立国語研究所","大蔵省印刷局",56
"LAJ_057","第57図: たく（炊く）","第57図: たく（炊く）","LAJ_057.tif","laj_map","public domain","『日本言語地図』第2集 / 1967年刊（縮刷版1982年刊）","国立国語研究所","大蔵省印刷局",57
"LAJ_058","第58図: にる（煮る）","第58図: にる（煮る）","LAJ_058.tif","laj_map","public domain","『日本言語地図』第2集 / 1967年刊（縮刷版1982年刊）","国立国語研究所","大蔵省印刷局",58
"LAJ_059","第59図: センタクスルを“裁縫する”の意味で使うか","第59図: センタクスルを“裁縫する”の意味で使うか","LAJ_059.tif","laj_map","public domain","『日本言語地図』第2集 / 1967年刊（縮刷版1982年刊）","国立国語研究所","大蔵省印刷局",59
"LAJ_060","第60図: ハソンスルを“修繕する”の意味で使うか","第60図: ハソンスルを“修繕する”の意味で使うか","LAJ_060.tif","laj_map","public domain","『日本言語地図』第2集 / 1967年刊（縮刷版1982年刊）","国立国語研究所","大蔵省印刷局",60
"LAJ_061","第61図: ナオスを“片付ける・しまう”の意味で使うか","第61図: ナオスを“片付ける・しまう”の意味で使うか","LAJ_061.tif","laj_map","public domain","『日本言語地図』第2集 / 1967年刊（縮刷版1982年刊）","国立国語研究所","大蔵省印刷局",61
"LAJ_062","第62図: すてる（捨てる）","第62図: すてる（捨てる）","LAJ_062.tif","laj_map","public domain","『日本言語地図』第2集 / 1967年刊（縮刷版1982年刊）","国立国語研究所","大蔵省印刷局",62
"LAJ_063","第63図: ステルを“紛失する”の意味で使うか","第63図: ステルを“紛失する”の意味で使うか","LAJ_063.tif","laj_map","public domain","『日本言語地図』第2集 / 1967年刊（縮刷版1982年刊）","国立国語研究所","大蔵省印刷局",63
"LAJ_064","第64図: おんぶする（幼児を負う）","第64図: おんぶする（幼児を負う）","LAJ_064.tif","laj_map","public domain","『日本言語地図』第2集 / 1967年刊（縮刷版1982年刊）","国立国語研究所","大蔵省印刷局",64
"LAJ_065","第65図: しょう（包を背負う）","第65図: しょう（包を背負う）","LAJ_065.tif","laj_map","public domain","『日本言語地図』第2集 / 1967年刊（縮刷版1982年刊）","国立国語研究所","大蔵省印刷局",65
"LAJ_066","第66図: かつぐ（材木を担ぐ）","第66図: かつぐ（材木を担ぐ）","LAJ_066.tif","laj_map","public domain","『日本言語地図』第2集 / 1967年刊（縮刷版1982年刊）","国立国語研究所","大蔵省印刷局",66
"LAJ_067","第67図: かつぐ（天秤棒を担ぐ）","第67図: かつぐ（天秤棒を担ぐ）","LAJ_067.tif","laj_map","public domain","『日本言語地図』第2集 / 1967年刊（縮刷版1982年刊）","国立国語研究所","大蔵省印刷局",67
"LAJ_068","第68図: かつぐ（二人で担ぐ）","第68図: かつぐ（二人で担ぐ）","LAJ_068.tif","laj_map","public domain","『日本言語地図』第2集 / 1967年刊（縮刷版1982年刊）","国立国語研究所","大蔵省印刷局",68
"LAJ_069","第69図: かぞえる（数える）","第69図: かぞえる（数える）","LAJ_069.tif","laj_map","public domain","『日本言語地図』第2集 / 1967年刊（縮刷版1982年刊）","国立国語研究所","大蔵省印刷局",69
"LAJ_070","第70図: かす（貸す）","第70図: かす（貸す）","LAJ_070.tif","laj_map","public domain","『日本言語地図』第2集 / 1967年刊（縮刷版1982年刊）","国立国語研究所","大蔵省印刷局",70
"LAJ_071","第71図: かりる（借りる）","第71図: かりる（借りる）","LAJ_071.tif","laj_map","public domain","『日本言語地図』第2集 / 1967年刊（縮刷版1982年刊）","国立国語研究所","大蔵省印刷局",71
"LAJ_072","第72図: カッテクルを“買ってくる”の意味で使うか，“借りてくる”の意味で使うか","第72図: カッテクルを“買ってくる”の意味で使うか，“借りてくる”の意味で使うか","LAJ_072.tif","laj_map","public domain","『日本言語地図』第2集 / 1967年刊（縮刷版1982年刊）","国立国語研究所","大蔵省印刷局",72
"LAJ_073","第73図: やる（遣る）","第73図: やる（遣る）","LAJ_073.tif","laj_map","public domain","『日本言語地図』第2集 / 1967年刊（縮刷版1982年刊）","国立国語研究所","大蔵省印刷局",73
"LAJ_074","第74図: くれる（呉れる）","第74図: くれる（呉れる）","LAJ_074.tif","laj_map","public domain","『日本言語地図』第2集 / 1967年刊（縮刷版1982年刊）","国立国語研究所","大蔵省印刷局",74
"LAJ_075","第75図: アズケルを“あてがう”の意味で使うか","第75図: アズケルを“あてがう”の意味で使うか","LAJ_075.tif","laj_map","public domain","『日本言語地図』第2集 / 1967年刊（縮刷版1982年刊）","国立国語研究所","大蔵省印刷局",75
"LAJ_076","第76図: もらう（貰う）","第76図: もらう（貰う）","LAJ_076.tif","laj_map","public domain","『日本言語地図』第2集 / 1967年刊（縮刷版1982年刊）","国立国語研究所","大蔵省印刷局",76
"LAJ_077","第77図: びっくりする（驚く）","第77図: びっくりする（驚く）","LAJ_077.tif","laj_map","public domain","『日本言語地図』第2集 / 1967年刊（縮刷版1982年刊）","国立国語研究所","大蔵省印刷局",77
"LAJ_078","第78図: オドロクを“驚く”の意味で使うか","第78図: オドロクを“驚く”の意味で使うか","LAJ_078.tif","laj_map","public domain","『日本言語地図』第2集 / 1967年刊（縮刷版1982年刊）","国立国語研究所","大蔵省印刷局",78
"LAJ_079","第79図: オドロクを“目覚める”の意味で使うか","第79図: オドロクを“目覚める”の意味で使うか","LAJ_079.tif","laj_map","public domain","『日本言語地図』第2集 / 1967年刊（縮刷版1982年刊）","国立国語研究所","大蔵省印刷局",79
"LAJ_080","第80図: あざ（痣）になる","第80図: あざ（痣）になる","LAJ_080.tif","laj_map","public domain","『日本言語地図』第2集 / 1967年刊（縮刷版1982年刊）","国立国語研究所","大蔵省印刷局",80
"LAJ_081","第81図: くすぐる（擽る）―前部分","第81図: くすぐる（擽る）―前部分","LAJ_081.tif","laj_map","public domain","『日本言語地図』第2集 / 1967年刊（縮刷版1982年刊）","国立国語研究所","大蔵省印刷局",81
"LAJ_082","第82図: くすぐる（擽る）―後部分","第82図: くすぐる（擽る）―後部分","LAJ_082.tif","laj_map","public domain","『日本言語地図』第2集 / 1967年刊（縮刷版1982年刊）","国立国語研究所","大蔵省印刷局",82
"LAJ_083","第83図: きゅう（灸）をすえる―前部分","第83図: きゅう（灸）をすえる―前部分","LAJ_083.tif","laj_map","public domain","『日本言語地図』第2集 / 1967年刊（縮刷版1982年刊）","国立国語研究所","大蔵省印刷局",83
"LAJ_084","第84図: きゅう（灸）をすえる―後部分","第84図: きゅう（灸）をすえる―後部分","LAJ_084.tif","laj_map","public domain","『日本言語地図』第2集 / 1967年刊（縮刷版1982年刊）","国立国語研究所","大蔵省印刷局",84
"LAJ_085","第85図: におい（匂）をかぐ（嗅ぐ）―前部分","第85図: におい（匂）をかぐ（嗅ぐ）―前部分","LAJ_085.tif","laj_map","public domain","『日本言語地図』第2集 / 1967年刊（縮刷版1982年刊）","国立国語研究所","大蔵省印刷局",85
"LAJ_086","第86図: におい（匂）をかぐ（嗅ぐ）―後部分","第86図: におい（匂）をかぐ（嗅ぐ）―後部分","LAJ_086.tif","laj_map","public domain","『日本言語地図』第2集 / 1967年刊（縮刷版1982年刊）","国立国語研究所","大蔵省印刷局",86
"LAJ_087","第87図: せき（咳）をする―前部分","第87図: せき（咳）をする―前部分","LAJ_087.tif","laj_map","public domain","『日本言語地図』第2集 / 1967年刊（縮刷版1982年刊）","国立国語研究所","大蔵省印刷局",87
"LAJ_088","第88図: せき（咳）をする―後部分","第88図: せき（咳）をする―後部分","LAJ_088.tif","laj_map","public domain","『日本言語地図』第2集 / 1967年刊（縮刷版1982年刊）","国立国語研究所","大蔵省印刷局",88
"LAJ_089","第89図: いびき（鼾）をかく―前部分","第89図: いびき（鼾）をかく―前部分","LAJ_089.tif","laj_map","public domain","『日本言語地図』第2集 / 1967年刊（縮刷版1982年刊）","国立国語研究所","大蔵省印刷局",89
"LAJ_090","第90図: いびき（鼾）をかく―後部分","第90図: いびき（鼾）をかく―後部分","LAJ_090.tif","laj_map","public domain","『日本言語地図』第2集 / 1967年刊（縮刷版1982年刊）","国立国語研究所","大蔵省印刷局",90
"LAJ_091","第91図: うそ（嘘言）をつく―前部分","第91図: うそ（嘘言）をつく―前部分","LAJ_091.tif","laj_map","public domain","『日本言語地図』第2集 / 1967年刊（縮刷版1982年刊）","国立国語研究所","大蔵省印刷局",91
"LAJ_092","第92図: うそ（嘘言）をつく―後部分","第92図: うそ（嘘言）をつく―後部分","LAJ_092.tif","laj_map","public domain","『日本言語地図』第2集 / 1967年刊（縮刷版1982年刊）","国立国語研究所","大蔵省印刷局",92
"LAJ_093","第93図: クサルを“濡れる”の意味で使うか","第93図: クサルを“濡れる”の意味で使うか","LAJ_093.tif","laj_map","public domain","『日本言語地図』第2集 / 1967年刊（縮刷版1982年刊）","国立国語研究所","大蔵省印刷局",93
"LAJ_094","第94図: オチルを“下車する”の意味で使うか","第94図: オチルを“下車する”の意味で使うか","LAJ_094.tif","laj_map","public domain","『日本言語地図』第2集 / 1967年刊（縮刷版1982年刊）","国立国語研究所","大蔵省印刷局",94
"LAJ_095","第95図: 〈雷が〉おちる（落ちる）","第95図: 〈雷が〉おちる（落ちる）","LAJ_095.tif","laj_map","public domain","『日本言語地図』第2集 / 1967年刊（縮刷版1982年刊）","国立国語研究所","大蔵省印刷局",95
"LAJ_096","第96図: こおる（水が凍る）","第96図: こおる（水が凍る）","LAJ_096.tif","laj_map","public domain","『日本言語地図』第2集 / 1967年刊（縮刷版1982年刊）","国立国語研究所","大蔵省印刷局",96
"LAJ_097","第97図: こおる（手拭が凍る）","第97図: こおる（手拭が凍る）","LAJ_097.tif","laj_map","public domain","『日本言語地図』第2集 / 1967年刊（縮刷版1982年刊）","国立国語研究所","大蔵省印刷局",97
"LAJ_098","第98図: 助詞「が」―「雷が落ちる」における","第98図: 助詞「が」―「雷が落ちる」における","LAJ_098.tif","laj_map","public domain","『日本言語地図』第2集 / 1967年刊（縮刷版1982年刊）","国立国語研究所","大蔵省印刷局",98
"LAJ_099","第99図: 助詞「を」―「いびきをかく」（第89図）における","第99図: 助詞「を」―「いびきをかく」（第89図）における","LAJ_099.tif","laj_map","public domain","『日本言語地図』第2集 / 1967年刊（縮刷版1982年刊）","国立国語研究所","大蔵省印刷局",99
"LAJ_100","第100図: 助詞「を」―「あぐらをかく」（第52図）における","第100図: 助詞「を」―「あぐらをかく」（第52図）における","LAJ_100.tif","laj_map","public domain","『日本言語地図』第2集 / 1967年刊（縮刷版1982年刊）","国立国語研究所","大蔵省印刷局",100
"LAJ_101","第101図: あたま（頭）","第101図: あたま（頭）","LAJ_101.tif","laj_map","CC BY 4.0","『日本言語地図』第3集 / 1968年刊（縮刷版1983年刊）","国立国語研究所","大蔵省印刷局",101
"LAJ_102","第102図: つむじ（旋毛）","第102図: つむじ（旋毛）","LAJ_102.tif","laj_map","CC BY 4.0","『日本言語地図』第3集 / 1968年刊（縮刷版1983年刊）","国立国語研究所","大蔵省印刷局",102
"LAJ_103","第103図: はげあたま（禿げ頭）","第103図: はげあたま（禿げ頭）","LAJ_103.tif","laj_map","CC BY 4.0","『日本言語地図』第3集 / 1968年刊（縮刷版1983年刊）","国立国語研究所","大蔵省印刷局",103
"LAJ_104","第104図: はげる（禿げる）","第104図: はげる（禿げる）","LAJ_104.tif","laj_map","CC BY 4.0","『日本言語地図』第3集 / 1968年刊（縮刷版1983年刊）","国立国語研究所","大蔵省印刷局",104
"LAJ_105","第105図: ふけ（雲脂）","第105図: ふけ（雲脂）","LAJ_105.tif","laj_map","CC BY 4.0","『日本言語地図』第3集 / 1968年刊（縮刷版1983年刊）","国立国語研究所","大蔵省印刷局",105
"LAJ_106","第106図: かお（顔）","第106図: かお（顔）","LAJ_106.tif","laj_map","CC BY 4.0","『日本言語地図』第3集 / 1968年刊（縮刷版1983年刊）","国立国語研究所","大蔵省印刷局",106
"LAJ_107","第107図: ほほ（頬）","第107図: ほほ（頬）","LAJ_107.tif","laj_map","CC BY 4.0","『日本言語地図』第3集 / 1968年刊（縮刷版1983年刊）","国立国語研究所","大蔵省印刷局",107
"LAJ_108","第108図: あご（顎）―とがった部分","第108図: あご（顎）―とがった部分","LAJ_108.tif","laj_map","CC BY 4.0","『日本言語地図』第3集 / 1968年刊（縮刷版1983年刊）","国立国語研究所","大蔵省印刷局",108
"LAJ_109","第109図: あご（顎）―全体","第109図: あご（顎）―全体","LAJ_109.tif","laj_map","CC BY 4.0","『日本言語地図』第3集 / 1968年刊（縮刷版1983年刊）","国立国語研究所","大蔵省印刷局",109
"LAJ_110","第110図: め（目）","第110図: め（目）","LAJ_110.tif","laj_map","CC BY 4.0","『日本言語地図』第3集 / 1968年刊（縮刷版1983年刊）","国立国語研究所","大蔵省印刷局",110
"LAJ_111","第111図: まゆげ（眉毛）","第111図: まゆげ（眉毛）","LAJ_111.tif","laj_map","CC BY 4.0","『日本言語地図』第3集 / 1968年刊（縮刷版1983年刊）","国立国語研究所","大蔵省印刷局",111
"LAJ_112","第112図: ものもらい（麦粒腫）","第112図: ものもらい（麦粒腫）","LAJ_112.tif","laj_map","CC BY 4.0","『日本言語地図』第3集 / 1968年刊（縮刷版1983年刊）","国立国語研究所","大蔵省印刷局",112
"LAJ_113","第113図: はな（鼻）","第113図: はな（鼻）","LAJ_113.tif","laj_map","CC BY 4.0","『日本言語地図』第3集 / 1968年刊（縮刷版1983年刊）","国立国語研究所","大蔵省印刷局",113
"LAJ_114","第114図: みみ（耳）","第114図: みみ（耳）","LAJ_114.tif","laj_map","CC BY 4.0","『日本言語地図』第3集 / 1968年刊（縮刷版1983年刊）","国立国語研究所","大蔵省印刷局",114
"LAJ_115","第115図: くち（口）","第115図: くち（口）","LAJ_115.tif","laj_map","CC BY 4.0","『日本言語地図』第3集 / 1968年刊（縮刷版1983年刊）","国立国語研究所","大蔵省印刷局",115
"LAJ_116","第116図: くちびる（唇）","第116図: くちびる（唇）","LAJ_116.tif","laj_map","CC BY 4.0","『日本言語地図』第3集 / 1968年刊（縮刷版1983年刊）","国立国語研究所","大蔵省印刷局",116
"LAJ_117","第117図: した（舌）","第117図: した（舌）","LAJ_117.tif","laj_map","CC BY 4.0","『日本言語地図』第3集 / 1968年刊（縮刷版1983年刊）","国立国語研究所","大蔵省印刷局",117
"LAJ_118","第118図: つば（唾）","第118図: つば（唾）","LAJ_118.tif","laj_map","CC BY 4.0","『日本言語地図』第3集 / 1968年刊（縮刷版1983年刊）","国立国語研究所","大蔵省印刷局",118
"LAJ_119","第119図: よだれ（涎）","第119図: よだれ（涎）","LAJ_119.tif","laj_map","CC BY 4.0","『日本言語地図』第3集 / 1968年刊（縮刷版1983年刊）","国立国語研究所","大蔵省印刷局",119
"LAJ_120","第120図: ベロの意味―第116，117，118，119図の総合図","第120図: ベロの意味―第116，117，118，119図の総合図","LAJ_120.tif","laj_map","CC BY 4.0","『日本言語地図』第3集 / 1968年刊（縮刷版1983年刊）","国立国語研究所","大蔵省印刷局",120
"LAJ_121","第121図: おやゆび（親指）","第121図: おやゆび（親指）","LAJ_121.tif","laj_map","CC BY 4.0","『日本言語地図』第3集 / 1968年刊（縮刷版1983年刊）","国立国語研究所","大蔵省印刷局",121
"LAJ_122","第122図: ひとさしゆび（人差し指）","第122図: ひとさしゆび（人差し指）","LAJ_122.tif","laj_map","CC BY 4.0","『日本言語地図』第3集 / 1968年刊（縮刷版1983年刊）","国立国語研究所","大蔵省印刷局",122
"LAJ_123","第123図: なかゆび（中指）","第123図: なかゆび（中指）","LAJ_123.tif","laj_map","CC BY 4.0","『日本言語地図』第3集 / 1968年刊（縮刷版1983年刊）","国立国語研究所","大蔵省印刷局",123
"LAJ_124","第124図: くすりゆび（薬指）","第124図: くすりゆび（薬指）","LAJ_124.tif","laj_map","CC BY 4.0","『日本言語地図』第3集 / 1968年刊（縮刷版1983年刊）","国立国語研究所","大蔵省印刷局",124
"LAJ_125","第125図: こゆび（小指）","第125図: こゆび（小指）","LAJ_125.tif","laj_map","CC BY 4.0","『日本言語地図』第3集 / 1968年刊（縮刷版1983年刊）","国立国語研究所","大蔵省印刷局",125
"LAJ_126","第126図: ゆび（指）―第121，122，123，124，125図の総合図","第126図: ゆび（指）―第121，122，123，124，125図の総合図","LAJ_126.tif","laj_map","CC BY 4.0","『日本言語地図』第3集 / 1968年刊（縮刷版1983年刊）","国立国語研究所","大蔵省印刷局",126
"LAJ_127","第127図: しもやけ（凍傷）","第127図: しもやけ（凍傷）","LAJ_127.tif","laj_map","CC BY 4.0","『日本言語地図』第3集 / 1968年刊（縮刷版1983年刊）","国立国語研究所","大蔵省印刷局",127
"LAJ_128","第128図: くるぶし（踝）","第128図: くるぶし（踝）","LAJ_128.tif","laj_map","CC BY 4.0","『日本言語地図』第3集 / 1968年刊（縮刷版1983年刊）","国立国語研究所","大蔵省印刷局",128
"LAJ_129","第129図: かかと（踵）","第129図: かかと（踵）","LAJ_129.tif","laj_map","CC BY 4.0","『日本言語地図』第3集 / 1968年刊（縮刷版1983年刊）","国立国語研究所","大蔵省印刷局",129
"LAJ_130","第130図: みずおち（鳩尾）","第130図: みずおち（鳩尾）","LAJ_130.tif","laj_map","CC BY 4.0","『日本言語地図』第3集 / 1968年刊（縮刷版1983年刊）","国立国語研究所","大蔵省印刷局",130
"LAJ_131","第131図: あか（垢）","第131図: あか（垢）","LAJ_131.tif","laj_map","CC BY 4.0","『日本言語地図』第3集 / 1968年刊（縮刷版1983年刊）","国立国語研究所","大蔵省印刷局",131
"LAJ_132","第132図: あざ（痣）","第132図: あざ（痣）","LAJ_132.tif","laj_map","CC BY 4.0","『日本言語地図』第3集 / 1968年刊（縮刷版1983年刊）","国立国語研究所","大蔵省印刷局",132
"LAJ_133","第133図: ほくろ（黒子）―小さいもの","第133図: ほくろ（黒子）―小さいもの","LAJ_133.tif","laj_map","CC BY 4.0","『日本言語地図』第3集 / 1968年刊（縮刷版1983年刊）","国立国語研究所","大蔵省印刷局",133
"LAJ_134","第134図: ほくろ（黒子）―大きいもの","第134図: ほくろ（黒子）―大きいもの","LAJ_134.tif","laj_map","CC BY 4.0","『日本言語地図』第3集 / 1968年刊（縮刷版1983年刊）","国立国語研究所","大蔵省印刷局",134
"LAJ_135","第135図: 「あざ」（第132図）と「ほくろ」（第133，134図）との総合図","第135図: 「あざ」（第132図）と「ほくろ」（第133，134図）との総合図","LAJ_135.tif","laj_map","CC BY 4.0","『日本言語地図』第3集 / 1968年刊（縮刷版1983年刊）","国立国語研究所","大蔵省印刷局",135
"LAJ_136","第136図: おとこ（男）","第136図: おとこ（男）","LAJ_136.tif","laj_map","CC BY 4.0","『日本言語地図』第3集 / 1968年刊（縮刷版1983年刊）","国立国語研究所","大蔵省印刷局",136
"LAJ_137","第137図: おんな（女）","第137図: おんな（女）","LAJ_137.tif","laj_map","CC BY 4.0","『日本言語地図』第3集 / 1968年刊（縮刷版1983年刊）","国立国語研究所","大蔵省印刷局",137
"LAJ_138","第138図: おんな（女）―卑称","第138図: おんな（女）―卑称","LAJ_138.tif","laj_map","CC BY 4.0","『日本言語地図』第3集 / 1968年刊（縮刷版1983年刊）","国立国語研究所","大蔵省印刷局",138
"LAJ_139","第139図: ひまご（曾孫）","第139図: ひまご（曾孫）","LAJ_139.tif","laj_map","CC BY 4.0","『日本言語地図』第3集 / 1968年刊（縮刷版1983年刊）","国立国語研究所","大蔵省印刷局",139
"LAJ_140","第140図: やしゃご（玄孫）","第140図: やしゃご（玄孫）","LAJ_140.tif","laj_map","CC BY 4.0","『日本言語地図』第3集 / 1968年刊（縮刷版1983年刊）","国立国語研究所","大蔵省印刷局",140
"LAJ_141","第141図: おじいさん（祖父）","第141図: おじいさん（祖父）","LAJ_141.tif","laj_map","CC BY 4.0","『日本言語地図』第3集 / 1968年刊（縮刷版1983年刊）","国立国語研究所","大蔵省印刷局",141
"LAJ_142","第142図: ひいおじいさん（曾祖父）","第142図: ひいおじいさん（曾祖父）","LAJ_142.tif","laj_map","CC BY 4.0","『日本言語地図』第3集 / 1968年刊（縮刷版1983年刊）","国立国語研究所","大蔵省印刷局",142
"LAJ_143","第143図: たこ（凧）","第143図: たこ（凧）","LAJ_143.tif","laj_map","CC BY 4.0","『日本言語地図』第3集 / 1968年刊（縮刷版1983年刊）","国立国語研究所","大蔵省印刷局",143
"LAJ_144","第144図: たけうま（竹馬）","第144図: たけうま（竹馬）","LAJ_144.tif","laj_map","CC BY 4.0","『日本言語地図』第3集 / 1968年刊（縮刷版1983年刊）","国立国語研究所","大蔵省印刷局",144
"LAJ_145","第145図: おてだま（お手玉）","第145図: おてだま（お手玉）","LAJ_145.tif","laj_map","CC BY 4.0","『日本言語地図』第3集 / 1968年刊（縮刷版1983年刊）","国立国語研究所","大蔵省印刷局",145
"LAJ_146","第146図: おてだまあそび（お手玉遊び）","第146図: おてだまあそび（お手玉遊び）","LAJ_146.tif","laj_map","CC BY 4.0","『日本言語地図』第3集 / 1968年刊（縮刷版1983年刊）","国立国語研究所","大蔵省印刷局",146
"LAJ_147","第147図: おにごっこ（鬼ごっこ）","第147図: おにごっこ（鬼ごっこ）","LAJ_147.tif","laj_map","CC BY 4.0","『日本言語地図』第3集 / 1968年刊（縮刷版1983年刊）","国立国語研究所","大蔵省印刷局",147
"LAJ_148","第148図: かくれんぼ（隠れん坊）","第148図: かくれんぼ（隠れん坊）","LAJ_148.tif","laj_map","CC BY 4.0","『日本言語地図』第3集 / 1968年刊（縮刷版1983年刊）","国立国語研究所","大蔵省印刷局",148
"LAJ_149","第149図: かたぐるま（肩車）―一般的な名称","第149図: かたぐるま（肩車）―一般的な名称","LAJ_149.tif","laj_map","CC BY 4.0","『日本言語地図』第3集 / 1968年刊（縮刷版1983年刊）","国立国語研究所","大蔵省印刷局",149
"LAJ_150","第150図: かたぐるま（肩車）―特殊な名称","第150図: かたぐるま（肩車）―特殊な名称","LAJ_150.tif","laj_map","CC BY 4.0","『日本言語地図』第3集 / 1968年刊（縮刷版1983年刊）","国立国語研究所","大蔵省印刷局",150
"LAJ_151","第151図: おかね（貨幣）","第151図: おかね（貨幣）","LAJ_151.tif","laj_map","CC BY 4.0","『日本言語地図』第4集 / 1970年刊（縮刷版1984年刊）","国立国語研究所","大蔵省印刷局",151
"LAJ_152","第152図: おつり（釣銭）","第152図: おつり（釣銭）","LAJ_152.tif","laj_map","CC BY 4.0","『日本言語地図』第4集 / 1970年刊（縮刷版1984年刊）","国立国語研究所","大蔵省印刷局",152
"LAJ_153","第153図: いと（糸）","第153図: いと（糸）","LAJ_153.tif","laj_map","CC BY 4.0","『日本言語地図』第4集 / 1970年刊（縮刷版1984年刊）","国立国語研究所","大蔵省印刷局",153
"LAJ_154","第154図: 「いと」（153・155・156・157図）と「いど」（197図）との総合図","第154図: 「いと」（153・155・156・157図）と「いど」（197図）との総合図","LAJ_154.tif","laj_map","CC BY 4.0","『日本言語地図』第4集 / 1970年刊（縮刷版1984年刊）","国立国語研究所","大蔵省印刷局",154
"LAJ_155","第155図: きぬいと（絹糸）","第155図: きぬいと（絹糸）","LAJ_155.tif","laj_map","CC BY 4.0","『日本言語地図』第4集 / 1970年刊（縮刷版1984年刊）","国立国語研究所","大蔵省印刷局",155
"LAJ_156","第156図: もめんいと（木綿糸）","第156図: もめんいと（木綿糸）","LAJ_156.tif","laj_map","CC BY 4.0","『日本言語地図』第4集 / 1970年刊（縮刷版1984年刊）","国立国語研究所","大蔵省印刷局",156
"LAJ_157","第157図: はたいと（機糸）","第157図: はたいと（機糸）","LAJ_157.tif","laj_map","CC BY 4.0","『日本言語地図』第4集 / 1970年刊（縮刷版1984年刊）","国立国語研究所","大蔵省印刷局",157
"LAJ_158","第158図: わた（綿）","第158図: わた（綿）","LAJ_158.tif","laj_map","CC BY 4.0","『日本言語地図』第4集 / 1970年刊（縮刷版1984年刊）","国立国語研究所","大蔵省印刷局",158
"LAJ_159","第159図: まわた（真綿）","第159図: まわた（真綿）","LAJ_159.tif","laj_map","CC BY 4.0","『日本言語地図』第4集 / 1970年刊（縮刷版1984年刊）","国立国語研究所","大蔵省印刷局",159
"LAJ_160","第160図: せんたく（洗濯）","第160図: せんたく（洗濯）","LAJ_160.tif","laj_map","CC BY 4.0","『日本言語地図』第4集 / 1970年刊（縮刷版1984年刊）","国立国語研究所","大蔵省印刷局",160
"LAJ_161","第161図: せともの（陶磁器）","第161図: せともの（陶磁器）","LAJ_161.tif","laj_map","CC BY 4.0","『日本言語地図』第4集 / 1970年刊（縮刷版1984年刊）","国立国語研究所","大蔵省印刷局",161
"LAJ_162","第162図: すりばち（擂鉢）","第162図: すりばち（擂鉢）","LAJ_162.tif","laj_map","CC BY 4.0","『日本言語地図』第4集 / 1970年刊（縮刷版1984年刊）","国立国語研究所","大蔵省印刷局",162
"LAJ_163","第163図: すりこぎ（擂粉木）","第163図: すりこぎ（擂粉木）","LAJ_163.tif","laj_map","CC BY 4.0","『日本言語地図』第4集 / 1970年刊（縮刷版1984年刊）","国立国語研究所","大蔵省印刷局",163
"LAJ_164","第164図: まないた（俎板）","第164図: まないた（俎板）","LAJ_164.tif","laj_map","CC BY 4.0","『日本言語地図』第4集 / 1970年刊（縮刷版1984年刊）","国立国語研究所","大蔵省印刷局",164
"LAJ_165","第165図: こめびつ（米櫃）―一般的な名称","第165図: こめびつ（米櫃）―一般的な名称","LAJ_165.tif","laj_map","CC BY 4.0","『日本言語地図』第4集 / 1970年刊（縮刷版1984年刊）","国立国語研究所","大蔵省印刷局",165
"LAJ_166","第166図: こめびつ（米櫃）―特殊な名称","第166図: こめびつ（米櫃）―特殊な名称","LAJ_166.tif","laj_map","CC BY 4.0","『日本言語地図』第4集 / 1970年刊（縮刷版1984年刊）","国立国語研究所","大蔵省印刷局",166
"LAJ_167","第167図: こめ（米）","第167図: こめ（米）","LAJ_167.tif","laj_map","CC BY 4.0","『日本言語地図』第4集 / 1970年刊（縮刷版1984年刊）","国立国語研究所","大蔵省印刷局",167
"LAJ_168","第168図: うるち（粳米）","第168図: うるち（粳米）","LAJ_168.tif","laj_map","CC BY 4.0","『日本言語地図』第4集 / 1970年刊（縮刷版1984年刊）","国立国語研究所","大蔵省印刷局",168
"LAJ_169","第169図: もちごめ（糯米）","第169図: もちごめ（糯米）","LAJ_169.tif","laj_map","CC BY 4.0","『日本言語地図』第4集 / 1970年刊（縮刷版1984年刊）","国立国語研究所","大蔵省印刷局",169
"LAJ_170","第170図: はんまい（飯米）","第170図: はんまい（飯米）","LAJ_170.tif","laj_map","CC BY 4.0","『日本言語地図』第4集 / 1970年刊（縮刷版1984年刊）","国立国語研究所","大蔵省印刷局",170
"LAJ_171","第171図: もみがら（籾殻）","第171図: もみがら（籾殻）","LAJ_171.tif","laj_map","CC BY 4.0","『日本言語地図』第4集 / 1970年刊（縮刷版1984年刊）","国立国語研究所","大蔵省印刷局",171
"LAJ_172","第172図: ぬか（糠）","第172図: ぬか（糠）","LAJ_172.tif","laj_map","CC BY 4.0","『日本言語地図』第4集 / 1970年刊（縮刷版1984年刊）","国立国語研究所","大蔵省印刷局",172
"LAJ_173","第173図: 「もみがら」（171図）と「ぬか」（172図）との総合図","第173図: 「もみがら」（171図）と「ぬか」（172図）との総合図","LAJ_173.tif","laj_map","CC BY 4.0","『日本言語地図』第4集 / 1970年刊（縮刷版1984年刊）","国立国語研究所","大蔵省印刷局",173
"LAJ_174","第174図: じゃがいも（馬鈴薯）―一般的な名称","第174図: じゃがいも（馬鈴薯）―一般的な名称","LAJ_174.tif","laj_map","CC BY 4.0","『日本言語地図』第4集 / 1970年刊（縮刷版1984年刊）","国立国語研究所","大蔵省印刷局",174
"LAJ_175","第175図: じゃがいも（馬鈴薯）―特殊な名称","第175図: じゃがいも（馬鈴薯）―特殊な名称","LAJ_175.tif","laj_map","CC BY 4.0","『日本言語地図』第4集 / 1970年刊（縮刷版1984年刊）","国立国語研究所","大蔵省印刷局",175
"LAJ_176","第176図: さつまいも（甘藷）","第176図: さつまいも（甘藷）","LAJ_176.tif","laj_map","CC BY 4.0","『日本言語地図』第4集 / 1970年刊（縮刷版1984年刊）","国立国語研究所","大蔵省印刷局",176
"LAJ_177","第177図: さといも（里芋）―その１","第177図: さといも（里芋）―その１","LAJ_177.tif","laj_map","CC BY 4.0","『日本言語地図』第4集 / 1970年刊（縮刷版1984年刊）","国立国語研究所","大蔵省印刷局",177
"LAJ_178","第178図: さといも（里芋）―その２","第178図: さといも（里芋）―その２","LAJ_178.tif","laj_map","CC BY 4.0","『日本言語地図』第4集 / 1970年刊（縮刷版1984年刊）","国立国語研究所","大蔵省印刷局",178
"LAJ_179","第179図: イモの意味","第179図: イモの意味","LAJ_179.tif","laj_map","CC BY 4.0","『日本言語地図』第4集 / 1970年刊（縮刷版1984年刊）","国立国語研究所","大蔵省印刷局",179
"LAJ_180","第180図: かぼちゃ（南瓜）","第180図: かぼちゃ（南瓜）","LAJ_180.tif","laj_map","CC BY 4.0","『日本言語地図』第4集 / 1970年刊（縮刷版1984年刊）","国立国語研究所","大蔵省印刷局",180
"LAJ_181","第181図: なす（茄子）","第181図: なす（茄子）","LAJ_181.tif","laj_map","CC BY 4.0","『日本言語地図』第4集 / 1970年刊（縮刷版1984年刊）","国立国語研究所","大蔵省印刷局",181
"LAJ_182","第182図: とうもろこし（玉蜀黍）","第182図: とうもろこし（玉蜀黍）","LAJ_182.tif","laj_map","CC BY 4.0","『日本言語地図』第4集 / 1970年刊（縮刷版1984年刊）","国立国語研究所","大蔵省印刷局",182
"LAJ_183","第183図: とうがらし（蕃椒）","第183図: とうがらし（蕃椒）","LAJ_183.tif","laj_map","CC BY 4.0","『日本言語地図』第4集 / 1970年刊（縮刷版1984年刊）","国立国語研究所","大蔵省印刷局",183
"LAJ_184","第184図: 「とうもろこし」（182図）と「とうがらし」（183図）との総合図","第184図: 「とうもろこし」（182図）と「とうがらし」（183図）との総合図","LAJ_184.tif","laj_map","CC BY 4.0","『日本言語地図』第4集 / 1970年刊（縮刷版1984年刊）","国立国語研究所","大蔵省印刷局",184
"LAJ_185","第185図: た（水田）―一区画","第185図: た（水田）―一区画","LAJ_185.tif","laj_map","CC BY 4.0","『日本言語地図』第4集 / 1970年刊（縮刷版1984年刊）","国立国語研究所","大蔵省印刷局",185
"LAJ_186","第186図: た（水田）―集合","第186図: た（水田）―集合","LAJ_186.tif","laj_map","CC BY 4.0","『日本言語地図』第4集 / 1970年刊（縮刷版1984年刊）","国立国語研究所","大蔵省印刷局",186
"LAJ_187","第187図: あぜ（畦畔）","第187図: あぜ（畦畔）","LAJ_187.tif","laj_map","CC BY 4.0","『日本言語地図』第4集 / 1970年刊（縮刷版1984年刊）","国立国語研究所","大蔵省印刷局",187
"LAJ_188","第188図: はたけ（畑）","第188図: はたけ（畑）","LAJ_188.tif","laj_map","CC BY 4.0","『日本言語地図』第4集 / 1970年刊（縮刷版1984年刊）","国立国語研究所","大蔵省印刷局",188
"LAJ_189","第189図: とりおどし（鳥威）","第189図: とりおどし（鳥威）","LAJ_189.tif","laj_map","CC BY 4.0","『日本言語地図』第4集 / 1970年刊（縮刷版1984年刊）","国立国語研究所","大蔵省印刷局",189
"LAJ_190","第190図: かかし（案山子）","第190図: かかし（案山子）","LAJ_190.tif","laj_map","CC BY 4.0","『日本言語地図』第4集 / 1970年刊（縮刷版1984年刊）","国立国語研究所","大蔵省印刷局",190
"LAJ_191","第191図: いえ（家屋）","第191図: いえ（家屋）","LAJ_191.tif","laj_map","CC BY 4.0","『日本言語地図』第4集 / 1970年刊（縮刷版1984年刊）","国立国語研究所","大蔵省印刷局",191
"LAJ_192","第192図: ふすま（襖障子）","第192図: ふすま（襖障子）","LAJ_192.tif","laj_map","CC BY 4.0","『日本言語地図』第4集 / 1970年刊（縮刷版1984年刊）","国立国語研究所","大蔵省印刷局",192
"LAJ_193","第193図: にわ（庭園）","第193図: にわ（庭園）","LAJ_193.tif","laj_map","CC BY 4.0","『日本言語地図』第4集 / 1970年刊（縮刷版1984年刊）","国立国語研究所","大蔵省印刷局",193
"LAJ_194","第194図: ニワを“土間”の意味で使うか","第194図: ニワを“土間”の意味で使うか","LAJ_194.tif","laj_map","CC BY 4.0","『日本言語地図』第4集 / 1970年刊（縮刷版1984年刊）","国立国語研究所","大蔵省印刷局",194
"LAJ_195","第195図: ニワを“前庭―仕事場”の意味で使うか","第195図: ニワを“前庭―仕事場”の意味で使うか","LAJ_195.tif","laj_map","CC BY 4.0","『日本言語地図』第4集 / 1970年刊（縮刷版1984年刊）","国立国語研究所","大蔵省印刷局",195
"LAJ_196","第196図: カドを“前庭―仕事場”の意味で使うか","第196図: カドを“前庭―仕事場”の意味で使うか","LAJ_196.tif","laj_map","CC BY 4.0","『日本言語地図』第4集 / 1970年刊（縮刷版1984年刊）","国立国語研究所","大蔵省印刷局",196
"LAJ_197","第197図: いど（井戸）","第197図: いど（井戸）","LAJ_197.tif","laj_map","CC BY 4.0","『日本言語地図』第4集 / 1970年刊（縮刷版1984年刊）","国立国語研究所","大蔵省印刷局",197
"LAJ_198","第198図: もり（森）","第198図: もり（森）","LAJ_198.tif","laj_map","CC BY 4.0","『日本言語地図』第4集 / 1970年刊（縮刷版1984年刊）","国立国語研究所","大蔵省印刷局",198
"LAJ_199","第199図: はやし（林）","第199図: はやし（林）","LAJ_199.tif","laj_map","CC BY 4.0","『日本言語地図』第4集 / 1970年刊（縮刷版1984年刊）","国立国語研究所","大蔵省印刷局",199
"LAJ_200","第200図: ハヤシ・ヤマの意味","第200図: ハヤシ・ヤマの意味","LAJ_200.tif","laj_map","CC BY 4.0","『日本言語地図』第4集 / 1970年刊（縮刷版1984年刊）","国立国語研究所","大蔵省印刷局",200
"LAJ_201","第201図: うま（馬）","第201図: うま（馬）","LAJ_201.tif","laj_map","CC BY 4.0","『日本言語地図』第5集 / 1972年刊（縮刷版1984年刊）","国立国語研究所","大蔵省印刷局",201
"LAJ_202","第202図: おうま（牡馬）","第202図: おうま（牡馬）","LAJ_202.tif","laj_map","CC BY 4.0","『日本言語地図』第5集 / 1972年刊（縮刷版1984年刊）","国立国語研究所","大蔵省印刷局",202
"LAJ_203","第203図: めうま（牝馬）","第203図: めうま（牝馬）","LAJ_203.tif","laj_map","CC BY 4.0","『日本言語地図』第5集 / 1972年刊（縮刷版1984年刊）","国立国語研究所","大蔵省印刷局",203
"LAJ_204","第204図: こうま（子馬）","第204図: こうま（子馬）","LAJ_204.tif","laj_map","CC BY 4.0","『日本言語地図』第5集 / 1972年刊（縮刷版1984年刊）","国立国語研究所","大蔵省印刷局",204
"LAJ_205","第205図: たてがみ（鬣）","第205図: たてがみ（鬣）","LAJ_205.tif","laj_map","CC BY 4.0","『日本言語地図』第5集 / 1972年刊（縮刷版1984年刊）","国立国語研究所","大蔵省印刷局",205
"LAJ_206","第206図: うし（牛）","第206図: うし（牛）","LAJ_206.tif","laj_map","CC BY 4.0","『日本言語地図』第5集 / 1972年刊（縮刷版1984年刊）","国立国語研究所","大蔵省印刷局",206
"LAJ_207","第207図: おうし（牡牛）","第207図: おうし（牡牛）","LAJ_207.tif","laj_map","CC BY 4.0","『日本言語地図』第5集 / 1972年刊（縮刷版1984年刊）","国立国語研究所","大蔵省印刷局",207
"LAJ_208","第208図: めうし（牝牛）","第208図: めうし（牝牛）","LAJ_208.tif","laj_map","CC BY 4.0","『日本言語地図』第5集 / 1972年刊（縮刷版1984年刊）","国立国語研究所","大蔵省印刷局",208
"LAJ_209","第209図: こうし（子牛）","第209図: こうし（子牛）","LAJ_209.tif","laj_map","CC BY 4.0","『日本言語地図』第5集 / 1972年刊（縮刷版1984年刊）","国立国語研究所","大蔵省印刷局",209
"LAJ_210","第210図: もうもう（牛の鳴き声）","第210図: もうもう（牛の鳴き声）","LAJ_210.tif","laj_map","CC BY 4.0","『日本言語地図』第5集 / 1972年刊（縮刷版1984年刊）","国立国語研究所","大蔵省印刷局",210
"LAJ_211","第211図: もぐら（土竜・鼹鼠）","第211図: もぐら（土竜・鼹鼠）","LAJ_211.tif","laj_map","CC BY 4.0","『日本言語地図』第5集 / 1972年刊（縮刷版1984年刊）","国立国語研究所","大蔵省印刷局",211
"LAJ_212","第212図: ふくろう（梟）","第212図: ふくろう（梟）","LAJ_212.tif","laj_map","CC BY 4.0","『日本言語地図』第5集 / 1972年刊（縮刷版1984年刊）","国立国語研究所","大蔵省印刷局",212
"LAJ_213","第213図: せきれい（鶺鴒）","第213図: せきれい（鶺鴒）","LAJ_213.tif","laj_map","CC BY 4.0","『日本言語地図』第5集 / 1972年刊（縮刷版1984年刊）","国立国語研究所","大蔵省印刷局",213
"LAJ_214","第214図: すずめ（雀）","第214図: すずめ（雀）","LAJ_214.tif","laj_map","CC BY 4.0","『日本言語地図』第5集 / 1972年刊（縮刷版1984年刊）","国立国語研究所","大蔵省印刷局",214
"LAJ_215","第215図: とさか（鶏冠）","第215図: とさか（鶏冠）","LAJ_215.tif","laj_map","CC BY 4.0","『日本言語地図』第5集 / 1972年刊（縮刷版1984年刊）","国立国語研究所","大蔵省印刷局",215
"LAJ_216","第216図: さかな（魚）","第216図: さかな（魚）","LAJ_216.tif","laj_map","CC BY 4.0","『日本言語地図』第5集 / 1972年刊（縮刷版1984年刊）","国立国語研究所","大蔵省印刷局",216
"LAJ_217","第217図: うろこ（鱗）","第217図: うろこ（鱗）","LAJ_217.tif","laj_map","CC BY 4.0","『日本言語地図』第5集 / 1972年刊（縮刷版1984年刊）","国立国語研究所","大蔵省印刷局",217
"LAJ_218","第218図: かえる（蛙）","第218図: かえる（蛙）","LAJ_218.tif","laj_map","CC BY 4.0","『日本言語地図』第5集 / 1972年刊（縮刷版1984年刊）","国立国語研究所","大蔵省印刷局",218
"LAJ_219","第219図: ひきがえる（蟇・蟾蜍）―その１","第219図: ひきがえる（蟇・蟾蜍）―その１","LAJ_219.tif","laj_map","CC BY 4.0","『日本言語地図』第5集 / 1972年刊（縮刷版1984年刊）","国立国語研究所","大蔵省印刷局",219
"LAJ_220","第220図: ひきがえる（蟇・蟾蜍）―その２","第220図: ひきがえる（蟇・蟾蜍）―その２","LAJ_220.tif","laj_map","CC BY 4.0","『日本言語地図』第5集 / 1972年刊（縮刷版1984年刊）","国立国語研究所","大蔵省印刷局",220
"LAJ_221","第221図: おたまじゃくし（蝌蚪）","第221図: おたまじゃくし（蝌蚪）","LAJ_221.tif","laj_map","CC BY 4.0","『日本言語地図』第5集 / 1972年刊（縮刷版1984年刊）","国立国語研究所","大蔵省印刷局",221
"LAJ_222","第222図: おたまじゃくし（蝌蚪）―カエル類の詳細図","第222図: おたまじゃくし（蝌蚪）―カエル類の詳細図","LAJ_222.tif","laj_map","CC BY 4.0","『日本言語地図』第5集 / 1972年刊（縮刷版1984年刊）","国立国語研究所","大蔵省印刷局",222
"LAJ_223","第223図: おたまじゃくし（蝌蚪）―ヒキ・ワクドなどの類の詳細図","第223図: おたまじゃくし（蝌蚪）―ヒキ・ワクドなどの類の詳細図","LAJ_223.tif","laj_map","CC BY 4.0","『日本言語地図』第5集 / 1972年刊（縮刷版1984年刊）","国立国語研究所","大蔵省印刷局",223
"LAJ_224","第224図: とかげ（蜥蜴）","第224図: とかげ（蜥蜴）","LAJ_224.tif","laj_map","CC BY 4.0","『日本言語地図』第5集 / 1972年刊（縮刷版1984年刊）","国立国語研究所","大蔵省印刷局",224
"LAJ_225","第225図: かなへび（金蛇）","第225図: かなへび（金蛇）","LAJ_225.tif","laj_map","CC BY 4.0","『日本言語地図』第5集 / 1972年刊（縮刷版1984年刊）","国立国語研究所","大蔵省印刷局",225
"LAJ_226","第226図: へび（蛇）","第226図: へび（蛇）","LAJ_226.tif","laj_map","CC BY 4.0","『日本言語地図』第5集 / 1972年刊（縮刷版1984年刊）","国立国語研究所","大蔵省印刷局",226
"LAJ_227","第227図: へび（蛇）―ヘビ類の音声詳細図","第227図: へび（蛇）―ヘビ類の音声詳細図","LAJ_227.tif","laj_map","CC BY 4.0","『日本言語地図』第5集 / 1972年刊（縮刷版1984年刊）","国立国語研究所","大蔵省印刷局",227
"LAJ_228","第228図: まむし（蝮）","第228図: まむし（蝮）","LAJ_228.tif","laj_map","CC BY 4.0","『日本言語地図』第5集 / 1972年刊（縮刷版1984年刊）","国立国語研究所","大蔵省印刷局",228
"LAJ_229","第229図: かまきり（蟷螂）―一般的な名称","第229図: かまきり（蟷螂）―一般的な名称","LAJ_229.tif","laj_map","CC BY 4.0","『日本言語地図』第5集 / 1972年刊（縮刷版1984年刊）","国立国語研究所","大蔵省印刷局",229
"LAJ_230","第230図: かまきり（蟷螂）―特殊な名称","第230図: かまきり（蟷螂）―特殊な名称","LAJ_230.tif","laj_map","CC BY 4.0","『日本言語地図』第5集 / 1972年刊（縮刷版1984年刊）","国立国語研究所","大蔵省印刷局",230
"LAJ_231","第231図: とんぼ（蜻蛉）","第231図: とんぼ（蜻蛉）","LAJ_231.tif","laj_map","CC BY 4.0","『日本言語地図』第5集 / 1972年刊（縮刷版1984年刊）","国立国語研究所","大蔵省印刷局",231
"LAJ_232","第232図: はえ（蝿）","第232図: はえ（蝿）","LAJ_232.tif","laj_map","CC BY 4.0","『日本言語地図』第5集 / 1972年刊（縮刷版1984年刊）","国立国語研究所","大蔵省印刷局",232
"LAJ_233","第233図: くも（蜘蛛）","第233図: くも（蜘蛛）","LAJ_233.tif","laj_map","CC BY 4.0","『日本言語地図』第5集 / 1972年刊（縮刷版1984年刊）","国立国語研究所","大蔵省印刷局",233
"LAJ_234","第234図: くものす（蜘蛛の巣）","第234図: くものす（蜘蛛の巣）","LAJ_234.tif","laj_map","CC BY 4.0","『日本言語地図』第5集 / 1972年刊（縮刷版1984年刊）","国立国語研究所","大蔵省印刷局",234
"LAJ_235","第235図: くものいと（蜘蛛の糸）","第235図: くものいと（蜘蛛の糸）","LAJ_235.tif","laj_map","CC BY 4.0","『日本言語地図』第5集 / 1972年刊（縮刷版1984年刊）","国立国語研究所","大蔵省印刷局",235
"LAJ_236","第236図: かたつむり（蝸牛）―その１","第236図: かたつむり（蝸牛）―その１","LAJ_236.tif","laj_map","CC BY 4.0","『日本言語地図』第5集 / 1972年刊（縮刷版1984年刊）","国立国語研究所","大蔵省印刷局",236
"LAJ_237","第237図: かたつむり（蝸牛）―その２","第237図: かたつむり（蝸牛）―その２","LAJ_237.tif","laj_map","CC BY 4.0","『日本言語地図』第5集 / 1972年刊（縮刷版1984年刊）","国立国語研究所","大蔵省印刷局",237
"LAJ_238","第238図: かたつむり（蝸牛）―その３","第238図: かたつむり（蝸牛）―その３","LAJ_238.tif","laj_map","CC BY 4.0","『日本言語地図』第5集 / 1972年刊（縮刷版1984年刊）","国立国語研究所","大蔵省印刷局",238
"LAJ_239","第239図: なめくじ（蛞蝓）","第239図: なめくじ（蛞蝓）","LAJ_239.tif","laj_map","CC BY 4.0","『日本言語地図』第5集 / 1972年刊（縮刷版1984年刊）","国立国語研究所","大蔵省印刷局",239
"LAJ_240","第240図: すみれ（菫）","第240図: すみれ（菫）","LAJ_240.tif","laj_map","CC BY 4.0","『日本言語地図』第5集 / 1972年刊（縮刷版1984年刊）","国立国語研究所","大蔵省印刷局",240
"LAJ_241","第241図: たんぽぽ（蒲公英）","第241図: たんぽぽ（蒲公英）","LAJ_241.tif","laj_map","CC BY 4.0","『日本言語地図』第5集 / 1972年刊（縮刷版1984年刊）","国立国語研究所","大蔵省印刷局",241
"LAJ_242","第242図: どくだみ（蕺菜）","第242図: どくだみ（蕺菜）","LAJ_242.tif","laj_map","CC BY 4.0","『日本言語地図』第5集 / 1972年刊（縮刷版1984年刊）","国立国語研究所","大蔵省印刷局",242
"LAJ_243","第243図: すぎな（杉菜・間荊）","第243図: すぎな（杉菜・間荊）","LAJ_243.tif","laj_map","CC BY 4.0","『日本言語地図』第5集 / 1972年刊（縮刷版1984年刊）","国立国語研究所","大蔵省印刷局",243
"LAJ_244","第244図: つくし（土筆）","第244図: つくし（土筆）","LAJ_244.tif","laj_map","CC BY 4.0","『日本言語地図』第5集 / 1972年刊（縮刷版1984年刊）","国立国語研究所","大蔵省印刷局",244
"LAJ_245","第245図: きのこ（茸・蕈）","第245図: きのこ（茸・蕈）","LAJ_245.tif","laj_map","CC BY 4.0","『日本言語地図』第5集 / 1972年刊（縮刷版1984年刊）","国立国語研究所","大蔵省印刷局",245
"LAJ_246","第246図: コケの意味―第105・131・217・245図の総合図","第246図: コケの意味―第105・131・217・245図の総合図","LAJ_246.tif","laj_map","CC BY 4.0","『日本言語地図』第5集 / 1972年刊（縮刷版1984年刊）","国立国語研究所","大蔵省印刷局",246
"LAJ_247","第247図: まつかさ（松毬）","第247図: まつかさ（松毬）","LAJ_247.tif","laj_map","CC BY 4.0","『日本言語地図』第5集 / 1972年刊（縮刷版1984年刊）","国立国語研究所","大蔵省印刷局",247
"LAJ_248","第248図: たけ（竹）","第248図: たけ（竹）","LAJ_248.tif","laj_map","CC BY 4.0","『日本言語地図』第5集 / 1972年刊（縮刷版1984年刊）","国立国語研究所","大蔵省印刷局",248
"LAJ_249","第249図: とげ（裂片）―指にささる木や竹の細片","第249図: とげ（裂片）―指にささる木や竹の細片","LAJ_249.tif","laj_map","CC BY 4.0","『日本言語地図』第5集 / 1972年刊（縮刷版1984年刊）","国立国語研究所","大蔵省印刷局",249
"LAJ_250","第250図: とげ（刺・棘）―いばらやさんしょうなどのとげ","第250図: とげ（刺・棘）―いばらやさんしょうなどのとげ","LAJ_250.tif","laj_map","CC BY 4.0","『日本言語地図』第5集 / 1972年刊（縮刷版1984年刊）","国立国語研究所","大蔵省印刷局",250
"LAJ_251","第251図: たいよう（太陽）","第251図: たいよう（太陽）","LAJ_251.tif","laj_map","CC BY 4.0","『日本言語地図』第6集 / 1974年刊（縮刷版1985年刊）","国立国語研究所","大蔵省印刷局",251
"LAJ_252","第252図: つき（月）","第252図: つき（月）","LAJ_252.tif","laj_map","CC BY 4.0","『日本言語地図』第6集 / 1974年刊（縮刷版1985年刊）","国立国語研究所","大蔵省印刷局",252
"LAJ_253","第253図: あめ（雨）","第253図: あめ（雨）","LAJ_253.tif","laj_map","CC BY 4.0","『日本言語地図』第6集 / 1974年刊（縮刷版1985年刊）","国立国語研究所","大蔵省印刷局",253
"LAJ_254","第254図: つゆ（梅雨）","第254図: つゆ（梅雨）","LAJ_254.tif","laj_map","CC BY 4.0","『日本言語地図』第6集 / 1974年刊（縮刷版1985年刊）","国立国語研究所","大蔵省印刷局",254
"LAJ_255","第255図: ゆうだち（夕立雨）","第255図: ゆうだち（夕立雨）","LAJ_255.tif","laj_map","CC BY 4.0","『日本言語地図』第6集 / 1974年刊（縮刷版1985年刊）","国立国語研究所","大蔵省印刷局",255
"LAJ_256","第256図: かみなり（雷）","第256図: かみなり（雷）","LAJ_256.tif","laj_map","CC BY 4.0","『日本言語地図』第6集 / 1974年刊（縮刷版1985年刊）","国立国語研究所","大蔵省印刷局",256
"LAJ_257","第257図: 敬称語尾（さん・さまなど）―第251（太陽），252（月），256（雷）図の総合図","第257図: 敬称語尾（さん・さまなど）―第251（太陽），252（月），256（雷）図の総合図","LAJ_257.tif","laj_map","CC BY 4.0","『日本言語地図』第6集 / 1974年刊（縮刷版1985年刊）","国立国語研究所","大蔵省印刷局",257
"LAJ_258","第258図: いなずま（稲妻・電光）","第258図: いなずま（稲妻・電光）","LAJ_258.tif","laj_map","CC BY 4.0","『日本言語地図』第6集 / 1974年刊（縮刷版1985年刊）","国立国語研究所","大蔵省印刷局",258
"LAJ_259","第259図: にじ（虹）","第259図: にじ（虹）","LAJ_259.tif","laj_map","CC BY 4.0","『日本言語地図』第6集 / 1974年刊（縮刷版1985年刊）","国立国語研究所","大蔵省印刷局",259
"LAJ_260","第260図: ゆき（雪）","第260図: ゆき（雪）","LAJ_260.tif","laj_map","CC BY 4.0","『日本言語地図』第6集 / 1974年刊（縮刷版1985年刊）","国立国語研究所","大蔵省印刷局",260
"LAJ_261","第261図: こおり（氷）","第261図: こおり（氷）","LAJ_261.tif","laj_map","CC BY 4.0","『日本言語地図』第6集 / 1974年刊（縮刷版1985年刊）","国立国語研究所","大蔵省印刷局",261
"LAJ_262","第262図: つらら（氷柱）","第262図: つらら（氷柱）","LAJ_262.tif","laj_map","CC BY 4.0","『日本言語地図』第6集 / 1974年刊（縮刷版1985年刊）","国立国語研究所","大蔵省印刷局",262
"LAJ_263","第263図: じしん（地震）","第263図: じしん（地震）","LAJ_263.tif","laj_map","CC BY 4.0","『日本言語地図』第6集 / 1974年刊（縮刷版1985年刊）","国立国語研究所","大蔵省印刷局",263
"LAJ_264","第264図: つむじかぜ（旋風）","第264図: つむじかぜ（旋風）","LAJ_264.tif","laj_map","CC BY 4.0","『日本言語地図』第6集 / 1974年刊（縮刷版1985年刊）","国立国語研究所","大蔵省印刷局",264
"LAJ_265","第265図: けむり（煙）","第265図: けむり（煙）","LAJ_265.tif","laj_map","CC BY 4.0","『日本言語地図』第6集 / 1974年刊（縮刷版1985年刊）","国立国語研究所","大蔵省印刷局",265
"LAJ_266","第266図: ゆげ（蒸気―湯の場合）","第266図: ゆげ（蒸気―湯の場合）","LAJ_266.tif","laj_map","CC BY 4.0","『日本言語地図』第6集 / 1974年刊（縮刷版1985年刊）","国立国語研究所","大蔵省印刷局",266
"LAJ_267","第267図: ゆげ（蒸気―飯の場合）","第267図: ゆげ（蒸気―飯の場合）","LAJ_267.tif","laj_map","CC BY 4.0","『日本言語地図』第6集 / 1974年刊（縮刷版1985年刊）","国立国語研究所","大蔵省印刷局",267
"LAJ_268","第268図: におい（芳香）","第268図: におい（芳香）","LAJ_268.tif","laj_map","CC BY 4.0","『日本言語地図』第6集 / 1974年刊（縮刷版1985年刊）","国立国語研究所","大蔵省印刷局",268
"LAJ_269","第269図: におい（悪臭）","第269図: におい（悪臭）","LAJ_269.tif","laj_map","CC BY 4.0","『日本言語地図』第6集 / 1974年刊（縮刷版1985年刊）","国立国語研究所","大蔵省印刷局",269
"LAJ_270","第270図: はい（灰）","第270図: はい（灰）","LAJ_270.tif","laj_map","CC BY 4.0","『日本言語地図』第6集 / 1974年刊（縮刷版1985年刊）","国立国語研究所","大蔵省印刷局",270
"LAJ_271","第271図: ほこり（埃）","第271図: ほこり（埃）","LAJ_271.tif","laj_map","CC BY 4.0","『日本言語地図』第6集 / 1974年刊（縮刷版1985年刊）","国立国語研究所","大蔵省印刷局",271
"LAJ_272","第272図: ごみ（目にはいるもの―塵）","第272図: ごみ（目にはいるもの―塵）","LAJ_272.tif","laj_map","CC BY 4.0","『日本言語地図』第6集 / 1974年刊（縮刷版1985年刊）","国立国語研究所","大蔵省印刷局",272
"LAJ_273","第273図: ごみ（掃除の対象―塵芥）","第273図: ごみ（掃除の対象―塵芥）","LAJ_273.tif","laj_map","CC BY 4.0","『日本言語地図』第6集 / 1974年刊（縮刷版1985年刊）","国立国語研究所","大蔵省印刷局",273
"LAJ_274","第274図: ごみ（川のごみ―塵芥）","第274図: ごみ（川のごみ―塵芥）","LAJ_274.tif","laj_map","CC BY 4.0","『日本言語地図』第6集 / 1974年刊（縮刷版1985年刊）","国立国語研究所","大蔵省印刷局",274
"LAJ_275","第275図: さきおととい（一昨昨日）","第275図: さきおととい（一昨昨日）","LAJ_275.tif","laj_map","CC BY 4.0","『日本言語地図』第6集 / 1974年刊（縮刷版1985年刊）","国立国語研究所","大蔵省印刷局",275
"LAJ_276","第276図: おととい（一昨日）","第276図: おととい（一昨日）","LAJ_276.tif","laj_map","CC BY 4.0","『日本言語地図』第6集 / 1974年刊（縮刷版1985年刊）","国立国語研究所","大蔵省印刷局",276
"LAJ_277","第277図: おとといのばん（一昨晩）","第277図: おとといのばん（一昨晩）","LAJ_277.tif","laj_map","CC BY 4.0","『日本言語地図』第6集 / 1974年刊（縮刷版1985年刊）","国立国語研究所","大蔵省印刷局",277
"LAJ_278","第278図: きのう（昨日）","第278図: きのう（昨日）","LAJ_278.tif","laj_map","CC BY 4.0","『日本言語地図』第6集 / 1974年刊（縮刷版1985年刊）","国立国語研究所","大蔵省印刷局",278
"LAJ_279","第279図: さくばん（昨晩）","第279図: さくばん（昨晩）","LAJ_279.tif","laj_map","CC BY 4.0","『日本言語地図』第6集 / 1974年刊（縮刷版1985年刊）","国立国語研究所","大蔵省印刷局",279
"LAJ_280","第280図: きょう（今日）","第280図: きょう（今日）","LAJ_280.tif","laj_map","CC BY 4.0","『日本言語地図』第6集 / 1974年刊（縮刷版1985年刊）","国立国語研究所","大蔵省印刷局",280
"LAJ_281","第281図: こんばん（今晩）","第281図: こんばん（今晩）","LAJ_281.tif","laj_map","CC BY 4.0","『日本言語地図』第6集 / 1974年刊（縮刷版1985年刊）","国立国語研究所","大蔵省印刷局",281
"LAJ_282","第282図: あした（明日）","第282図: あした（明日）","LAJ_282.tif","laj_map","CC BY 4.0","『日本言語地図』第6集 / 1974年刊（縮刷版1985年刊）","国立国語研究所","大蔵省印刷局",282
"LAJ_283","第283図: あしたのばん（明晩）","第283図: あしたのばん（明晩）","LAJ_283.tif","laj_map","CC BY 4.0","『日本言語地図』第6集 / 1974年刊（縮刷版1985年刊）","国立国語研究所","大蔵省印刷局",283
"LAJ_284","第284図: あさって（明後日）","第284図: あさって（明後日）","LAJ_284.tif","laj_map","CC BY 4.0","『日本言語地図』第6集 / 1974年刊（縮刷版1985年刊）","国立国語研究所","大蔵省印刷局",284
"LAJ_285","第285図: しあさって（明明後日）","第285図: しあさって（明明後日）","LAJ_285.tif","laj_map","CC BY 4.0","『日本言語地図』第6集 / 1974年刊（縮刷版1985年刊）","国立国語研究所","大蔵省印刷局",285
"LAJ_286","第286図: やのあさって（明明明後日）","第286図: やのあさって（明明明後日）","LAJ_286.tif","laj_map","CC BY 4.0","『日本言語地図』第6集 / 1974年刊（縮刷版1985年刊）","国立国語研究所","大蔵省印刷局",286
"LAJ_287","第287図: なのか（七日）","第287図: なのか（七日）","LAJ_287.tif","laj_map","CC BY 4.0","『日本言語地図』第6集 / 1974年刊（縮刷版1985年刊）","国立国語研究所","大蔵省印刷局",287
"LAJ_288","第288図: ここのか（九日）","第288図: ここのか（九日）","LAJ_288.tif","laj_map","CC BY 4.0","『日本言語地図』第6集 / 1974年刊（縮刷版1985年刊）","国立国語研究所","大蔵省印刷局",288
"LAJ_289","第289図: 「おおきい」（第17図）と「ふとい」（第20図）と「あらい」（第21図）との総合図","第289図: 「おおきい」（第17図）と「ふとい」（第20図）と「あらい」（第21図）との総合図","LAJ_289.tif","laj_map","CC BY 4.0","『日本言語地図』第6集 / 1974年刊（縮刷版1985年刊）","国立国語研究所","大蔵省印刷局",289
"LAJ_290","第290図: 「ちいさい」（第22図）と「ほそい」（第24図）と「こまかい」（第25図）との総合図","第290図: 「ちいさい」（第22図）と「ほそい」（第24図）と「こまかい」（第25図）との総合図","LAJ_290.tif","laj_map","CC BY 4.0","『日本言語地図』第6集 / 1974年刊（縮刷版1985年刊）","国立国語研究所","大蔵省印刷局",290
"LAJ_291","第291図: おいしい（美味しい）","第291図: おいしい（美味しい）","LAJ_291.tif","laj_map","CC BY 4.0","『日本言語地図』第6集 / 1974年刊（縮刷版1985年刊）","国立国語研究所","大蔵省印刷局",291
"LAJ_292","第292図: ケチダを“不思議だ，不都合だ”などの意味で使うか。","第292図: ケチダを“不思議だ，不都合だ”などの意味で使うか。","LAJ_292.tif","laj_map","CC BY 4.0","『日本言語地図』第6集 / 1974年刊（縮刷版1985年刊）","国立国語研究所","大蔵省印刷局",292
"LAJ_293","第293図: いくつ（何歳）","第293図: いくつ（何歳）","LAJ_293.tif","laj_map","CC BY 4.0","『日本言語地図』第6集 / 1974年刊（縮刷版1985年刊）","国立国語研究所","大蔵省印刷局",293
"LAJ_294","第294図: かつぐ（片方の肩で包を担ぐ）","第294図: かつぐ（片方の肩で包を担ぐ）","LAJ_294.tif","laj_map","CC BY 4.0","『日本言語地図』第6集 / 1974年刊（縮刷版1985年刊）","国立国語研究所","大蔵省印刷局",294
"LAJ_295","第295図: かつぐ（担ぐ）―第66，67，68図の総合図","第295図: かつぐ（担ぐ）―第66，67，68図の総合図","LAJ_295.tif","laj_map","CC BY 4.0","『日本言語地図』第6集 / 1974年刊（縮刷版1985年刊）","国立国語研究所","大蔵省印刷局",295
"LAJ_296","第296図: かぞえる（お金を数える）","第296図: かぞえる（お金を数える）","LAJ_296.tif","laj_map","CC BY 4.0","『日本言語地図』第6集 / 1974年刊（縮刷版1985年刊）","国立国語研究所","大蔵省印刷局",296
"LAJ_297","第297図: カドの意味","第297図: カドの意味","LAJ_297.tif","laj_map","CC BY 4.0","『日本言語地図』第6集 / 1974年刊（縮刷版1985年刊）","国立国語研究所","大蔵省印刷局",297
"LAJ_298","第298図: ほうほう（梟の鳴き声）―その１","第298図: ほうほう（梟の鳴き声）―その１","LAJ_298.tif","laj_map","CC BY 4.0","『日本言語地図』第6集 / 1974年刊（縮刷版1985年刊）","国立国語研究所","大蔵省印刷局",298
"LAJ_299","第299図: ほうほう（梟の鳴き声）―その２","第299図: ほうほう（梟の鳴き声）―その２","LAJ_299.tif","laj_map","CC BY 4.0","『日本言語地図』第6集 / 1974年刊（縮刷版1985年刊）","国立国語研究所","大蔵省印刷局",299
"LAJ_300","第300図: ちゅんちゅん（雀の鳴き声）","第300図: ちゅんちゅん（雀の鳴き声）","LAJ_300.tif","laj_map","CC BY 4.0","『日本言語地図』第6集 / 1974年刊（縮刷版1985年刊）","国立国語研究所","大蔵省印刷局",300
"LAJ_S01","参考地図Ⅰ: 調査地点番号地図","参考地図Ⅰ: 調査地点番号地図","LAJ_S01.tif","laj_map","public domain","『日本言語地図』第1集 / 1966年刊（縮刷版1981年刊）","国立国語研究所","大蔵省印刷局",301
"LAJ_S02","参考地図Ⅱ: 地勢図","参考地図Ⅱ: 地勢図","LAJ_S02.tif","laj_map","public domain","『日本言語地図』第2集 / 1967年刊（縮刷版1982年刊）","国立国語研究所","大蔵省印刷局",302
"LAJ_S03","参考地図Ⅲ: 人口図","参考地図Ⅲ: 人口図","LAJ_S03.tif","laj_map","CC BY 4.0","『日本言語地図』第3集 / 1968年刊（縮刷版1983年刊）","国立国語研究所","大蔵省印刷局",303
"LAJ_S04","参考地図Ⅳ: 産業図","参考地図Ⅳ: 産業図","LAJ_S04.tif","laj_map","CC BY 4.0","『日本言語地図』第4集 / 1970年刊（縮刷版1984年刊）","国立国語研究所","大蔵省印刷局",304
"LAJ_S05","参考地図Ⅴ: 近代道路図（明治20年前後）","参考地図Ⅴ: 近代道路図（明治20年前後）","LAJ_S05.tif","laj_map","CC BY 4.0","『日本言語地図』第5集 / 1972年刊（縮刷版1984年刊）","国立国語研究所","大蔵省印刷局",305
"LAJ_S06","参考地図Ⅵ: 近世藩領図（1664年・寛文4年）","参考地図Ⅵ: 近世藩領図（1664年・寛文4年）","LAJ_S06.tif","laj_map","CC BY 4.0","『日本言語地図』第6集 / 1974年刊（縮刷版1985年刊）","国立国語研究所","大蔵省印刷局",306
